[
  {
    "level": "beginner",
    "days": [
      {
        "day": 1,
        "exercises": [
          {
            "name": "Bodyweighted Squat",
            "sets": "3x15",
            "note": "",
            "id": "squat"
          },
          {
            "name": "Australian Pull Ups / Inverted Row",
            "sets": "4x6-8",
            "note": "",
            "id": "invertedrow"
          },
          {
            "name": "Banded Pull-Ups",
            "sets": "3x3-5",
            "note": "when ready",
            "id": "pullup"
          },
          {
            "name": "Incline Push-Up",
            "sets": "4x10",
            "note": "",
            "id": "inclinepushup"
          },
          {
            "name": "Tuck Sit Hold",
            "sets": "3x max hold",
            "note": "",
            "id": "tucksit"
          },
          {
            "name": "Frogstand Practice",
            "sets": "4x max hold",
            "note": "",
            "id": "frogstand"
          },
          {
            "name": "Dead Hang on Bar",
            "sets": "3x max hold",
            "note": "Hang from the bar with straight arms and relaxed shoulders, maintaining a full grip to build grip strength and decompress your spine.",
            "id": "pullup"
          }
        ]
      },
      {
        "day": 2,
        "exercises": [
          {
            "name": "Negative Push-Ups",
            "sets": "4x5-8",
            "note": "Start in a high push-up position, then lower yourself slowly to the ground over 3-5 seconds, keeping your body straight and controlled.",
            "id": "pushup"
          },
          {
            "name": "Pike Push Ups",
            "sets": "4x10",
            "note": "",
            "id": "pikepushup"
          },
          {
            "name": "Assisted Pistol Squats",
            "sets": "3x8 each leg",
            "note": "Use a support for balance as you slowly lower into a one-legged squat, keeping your chest up and knee aligned.",
            "id": "pistolsquat"
          },
          {
            "name": "Tuck Sit",
            "sets": "3x max hold",
            "note": "",
            "id": "tucksit"
          },
          {
            "name": "Tuck Planche Lean",
            "sets": "3x5 sec",
            "note": "Lean forward on your hands with bent elbows and tucked knees, engaging your core to build shoulder strength and balance.",
            "id": "tuckplanche"
          },
          {
            "name": "Tuck Planche Hold Attempts",
            "sets": "3x max hold",
            "note": "Practice holding your body off the ground with bent elbows and tucked knees, keeping your feet lightly touching the floor for support.",
            "id": "tuckplanche"
          }
        ]
      },
      {
        "day": 3,
        "exercises": [
          {
            "name": "Banded Pull-Ups",
            "sets": "3x3-5",
            "note": "Use a resistance band for assistance as you pull your chin above the bar with controlled movement.",
            "id": "pullup"
          },
          {
            "name": "Australian Pull Ups / Inverted Row",
            "sets": "3x8",
            "note": "",
            "id": "invertedrow"
          },
          {
            "name": "Low Incline Push-Up",
            "sets": "3x10-12",
            "note": "Perform push-ups with your hands on a low surface, keeping your body straight and lowering your chest slowly.",
            "id": "inclinepushup"
          },
          {
            "name": "Bodyweight Squats",
            "sets": "3x20",
            "note": "",
            "id": "squat"
          },
          {
            "name": "Tuck Sit Hold",
            "sets": "3x max hold",
            "note": "",
            "id": "tucksit"
          },
          {
            "name": "Skin the Cat",
            "sets": "4x1",
            "note": "",
            "id": "skinthecat"
          },
          {
            "name": "Dead Hang on Bar",
            "sets": "3x max hold",
            "note": "Hang from the bar with straight arms and relaxed shoulders, maintaining a full grip to build grip strength and decompress your spine.",
            "id": "pullup"
          }
        ]
      }
    ]
  },
  {
    "level": "intermediate",
    "days": [
      {
        "day": 1,
        "exercises": [
          {
            "name": "Handstand (attempts)",
            "sets": "10 min",
            "note": "Kick up into a handstand, focusing on balance and control while engaging your core and keeping your body tight.",
            "id": "handstand"
          },
          {
            "name": "Pull-Up (full ROM)",
            "sets": "4x6-8",
            "note": "",
            "id": "pullup"
          },
          {
            "name": "Australian Pull-Up",
            "sets": "4x10",
            "note": "",
            "id": "invertedrow"
          },
          {
            "name": "Push-Up (full)",
            "sets": "3x10-12",
            "note": "",
            "id": "pushup"
          },
          {
            "name": "Pullover + Straight Bar Dips",
            "sets": "3x10-12",
            "note": "Perform a pullover by pulling your chest over the bar, then transition into straight bar dips by lowering and pushing your body with controlled strength.",
            "id": "pullover"
          },
          {
            "name": "Dips",
            "sets": "3x8",
            "note": "",
            "id": "dips"
          },
          {
            "name": "L-Sit on parallettes or floor",
            "sets": "4x max hold",
            "note": "",
            "id": "lsit"
          },
          {
            "name": "Dead Hang on Bar",
            "sets": "2x max hold",
            "note": "Hang from the bar with straight arms and relaxed shoulders, maintaining a full grip to build grip strength and decompress your spine.",
            "id": "pullup"
          }
        ]
      },
      {
        "day": 2,
        "exercises": [
          {
            "name": "Pike Push-Up",
            "sets": "4x8-10",
            "note": "",
            "id": "pikepushup"
          },
          {
            "name": "Dips",
            "sets": "3x10",
            "note": "",
            "id": "dips"
          },
          {
            "name": "Push-Up",
            "sets": "3x10",
            "note": "",
            "id": "pushup"
          },
          {
            "name": "Tuck Planche Lean on Parallettes",
            "sets": "4x10-15 sec",
            "note": "Lean forward on parallettes with bent elbows and tucked knees, engaging your core to build shoulder strength and balance.",
            "id": "tuckplanche"
          },
          {
            "name": "Tuck Planche Hold Attempts",
            "sets": "3x max",
            "note": "Attempt to hold a tuck planche by supporting your body on your hands with bent elbows and tucked knees, keeping feet either lightly on the ground or lifted for more challenge.",
            "id": "tuckplanche"
          },
          {
            "name": "L-Sit",
            "sets": "3x20 sec",
            "note": "",
            "id": "lsit"
          },
          {
            "name": "Wall Handstand Hold (Optional)",
            "sets": "2x max",
            "note": "Kick up into a handstand against the wall, engaging your core and shoulders while maintaining a straight body line for stability.",
            "id": "handstand"
          }
        ]
      },
      {
        "day": 3,
        "exercises": [
          {
            "name": "Pull-Up",
            "sets": "3x6",
            "note": "",
            "id": "pullup"
          },
          {
            "name": "Inverted Row",
            "sets": "3x10",
            "note": "",
            "id": "invertedrow"
          },
          {
            "name": "Pistol Squat (assisted or box)",
            "sets": "3x6/leg",
            "note": "Lower into a one-legged squat using assistance or a box for support, keeping your chest up and knee aligned over your toes.",
            "id": "pistolsquat"
          },
          {
            "name": "90-Degree Hold",
            "sets": "3x10 sec",
            "note": "",
            "id": "90degreehold"
          },
          {
            "name": "Back Lever Progression",
            "sets": "3x10-15 sec",
            "note": "Hold your body horizontal while hanging from the bar, keeping knees tucked or slightly extended to build back and core strength.",
            "id": "backlever"
          },
          {
            "name": "Skin the Cat",
            "sets": "4x1",
            "note": "",
            "id": "skinthecat"
          },
          {
            "name": "Dead Hang on Rings or Bar",
            "sets": "2x max",
            "note": "Hang from the bar or rings with straight arms and relaxed shoulders, maintaining a full grip to build grip strength and decompress your spine.",
            "id": "pullup"
          }
        ]
      }
    ]
  },
  {
    "level": "advanced",
    "days": [
      {
        "day": 1,
        "exercises": [
          {
            "name": "Planche Leans",
            "sets": "3x5",
            "note": "",
            "id": "planche"
          },
          {
            "name": "Hefesto (attempts)",
            "sets": "3x1",
            "note": "",
            "id": "hefesto"
          },
          {
            "name": "Full Planche",
            "sets": "4x max",
            "note": "Support your entire body weight on straight arms with a tight, horizontal hold, keeping your core engaged and legs fully extended.",
            "id": "planche"
          },
          {
            "name": "L-Sit to Tuck Planche Transition",
            "sets": "3x3 reps",
            "note": "Shift from an L-sit to a tuck planche by leaning forward and lifting your hips while keeping your knees tucked and arms straight.",
            "id": "lsit"
          },
          {
            "name": "Planche Lean + Pseudo Push Ups",
            "sets": "4x5",
            "note": "Combine one planche lean by leaning forward with straight arms and tucked shoulders, followed by one pseudo push-up, maintaining core engagement throughout each rep.",
            "id": "pseudopushup"
          },
          {
            "name": "Pseudo Push Ups",
            "sets": "4x10-15",
            "note": "",
            "id": "pseudopushup"
          }
        ]
      },
      {
        "day": 2,
        "exercises": [
          {
            "name": "Tuck Front Lever",
            "sets": "3x5 sec",
            "note": "Hang from the bar and lift your body horizontally with knees tucked, engaging your back and core to hold the position.",
            "id": "frontlever"
          },
          {
            "name": "Front Lever",
            "sets": "3x3 sec",
            "note": "",
            "id": "frontlever"
          },
          {
            "name": "Victorian",
            "sets": "3x3 sec",
            "note": "",
            "id": "victorian"
          },
          {
            "name": "Front Lever Pull",
            "sets": "3x max",
            "note": "From a front lever hold, pull your body upward by engaging your lats and core, keeping your body straight throughout the movement.",
            "id": "frontlever"
          },
          {
            "name": "Back Lever",
            "sets": "3x max hold",
            "note": "",
            "id": "backlever"
          },
          {
            "name": "Dead Hang",
            "sets": "1x max hold",
            "note": "",
            "id": "pullup"
          }
        ]
      },
      {
        "day": 3,
        "exercises": [
          {
            "name": "Handstand (Freestanding practice)",
            "sets": "4x max hold",
            "note": "Practice balancing in a handstand without support, focusing on tight body alignment and controlled micro-adjustments to stay upright.",
            "id": "handstand"
          },
          {
            "name": "Press to Handstand",
            "sets": "3x1",
            "note": "",
            "id": "presstohandstand"
          },
          {
            "name": "90 Degree Handstand Push Up",
            "sets": "3x3",
            "note": "Lower your body from a handstand to a 90-degree angle by bending your elbows, then push back up while keeping your core tight and body straight.",
            "id": "handstandpushup"
          },
          {
            "name": "Handstand Push-Up",
            "sets": "3x min5 reps",
            "note": "Perform a controlled push-up from a handstand position, using the wall for support or balancing freestanding, while keeping your body tight and elbows tracking.",
            "id": "handstandpushup"
          },
          {
            "name": "Pike Push-Ups (Feet Elevated)",
            "sets": "3x8",
            "note": "Place your feet on an elevated surface and perform push-ups by lowering your head toward the ground, engaging your shoulders and keeping your hips raised.",
            "id": "pikepushup"
          },
          {
            "name": "L-Sit",
            "sets": "3x20 sec",
            "note": "",
            "id": "lsit"
          }
        ]
      }
    ]
  }
]