[
  {
    "name": "90 Degree Hold",
    "level": "Intermediate",
    "target_area": [
      "Shoulders",
      "Triceps",
      "Core"
    ],
    "description": "Hold a dip position with your arms at a 90-degree angle, challenging endurance and strength in the shoulders, triceps, and core.",
    "difficulty": 3.5,
    "id": "90degreehold",
    "animationUrl": "https://firebasestorage.googleapis.com/v0/b/calisthenicsapp-9606a.firebasestorage.app/o/90degreehold.glb?alt=media&token=2fece05f-c1da-4c3c-94d2-f8a9d660a0a0",
    "imageUrl": "/thumbnails/90degreehold.png"
  },
  {
    "name": "Back Lever",
    "level": "Intermediate",
    "target_area": [
      "Core",
      "Lats",
      "Shoulders"
    ],
    "description": "Hang from a bar and hold your body in a horizontal position while facing down, working the core, lats, and shoulders to keep the body stable.",
    "difficulty": 3.0,
    "id": "backlever",
    "animationUrl": "https://firebasestorage.googleapis.com/v0/b/calisthenicsapp-9606a.firebasestorage.app/o/backlever.glb?alt=media&token=1e00f745-fa04-4f99-a92f-8e6ec6d0dfed",
    "imageUrl": "/thumbnails/backlever.png"
  },
  {
    "name": "Dips",
    "level": "Intermediate",
    "target_area": [
      "Triceps",
      "Shoulders",
      "Chest"
    ],
    "description": "Lower and raise your body using your arms on parallel bars, primarily working the triceps, shoulders, and chest as you bend and extend your arms.",
    "difficulty": 2.0,
    "id": "dips",
    "animationUrl": "https://firebasestorage.googleapis.com/v0/b/calisthenicsapp-9606a.firebasestorage.app/o/dips.glb?alt=media&token=370c7a42-fb50-4206-931b-ad9dadb5e0a4",
    "imageUrl": "/thumbnails/dips.png"
  },
  {
    "name": "Elbow Lever",
    "level": "Beginner",
    "target_area": [
      "Core",
      "Shoulders",
      "Wrists"
    ],
    "description": "Balance your body horizontally on your bent arms, requiring strength in your core, shoulders, and wrists to hold the position.",
    "difficulty": 2.0,
    "id": "elbowlever",
    "animationUrl": "https://firebasestorage.googleapis.com/v0/b/calisthenicsapp-9606a.firebasestorage.app/o/elbowlever.glb?alt=media&token=2ef7524a-40cd-45ea-87cb-7f84cb4e2fbb",
    "imageUrl": "/thumbnails/elbowlever.png"
  },
  {
    "name": "Frogstand",
    "level": "Beginner",
    "target_area": [
      "Shoulders",
      "Wrists",
      "Core"
    ],
    "description": "Balance on your hands with your knees resting on your elbows while keeping your feet off the ground, strengthening your shoulders, wrists, and core.",
    "difficulty": 1.5,
    "id": "frogstand",
    "animationUrl": "https://firebasestorage.googleapis.com/v0/b/calisthenicsapp-9606a.firebasestorage.app/o/frogstand.glb?alt=media&token=e31dde18-31fb-4a34-9f86-ca20a99d92f6",
    "imageUrl": "/thumbnails/frogstand.png"
  },
  {
    "name": "Front Lever",
    "level": "Advanced",
    "target_area": [
      "Core",
      "Lats",
      "Shoulders"
    ],
    "description": "A static hold where you hang from a bar and keep your body parallel to the ground, engaging your core, lats, and shoulders to maintain the position.",
    "difficulty": 4.0,
    "id": "frontlever",
    "animationUrl": "https://firebasestorage.googleapis.com/v0/b/calisthenicsapp-9606a.firebasestorage.app/o/frontlever.glb?alt=media&token=6930b169-03e1-4b74-895b-7e531d8ff67b",
    "imageUrl": "/thumbnails/frontlever.png"
  },
  {
    "name": "Handstand",
    "level": "Intermediate",
    "target_area": [
      "Shoulders",
      "Core",
      "Wrist"
    ],
    "description": "Hold a vertical position on your hands, focusing on building balance, shoulder stability, and core strength.",
    "difficulty": 3.0,
    "id": "handstand",
    "animationUrl": "https://firebasestorage.googleapis.com/v0/b/calisthenicsapp-9606a.firebasestorage.app/o/handstand.glb?alt=media&token=61f829c5-3f89-426d-8f39-ad3fc01f21bc",
    "imageUrl": "/thumbnails/handstand.png"
  },
  {
    "name": "Handstand Push-Up",
    "level": "Advanced",
    "target_area": [
      "Shoulders",
      "Triceps",
      "Core"
    ],
    "description": "A push-up performed from a handstand position, requiring significant strength and stability in the shoulders, triceps, and core.",
    "difficulty": 4.0,
    "id": "handstandpushup",
    "animationUrl": "https://firebasestorage.googleapis.com/v0/b/calisthenicsapp-9606a.firebasestorage.app/o/handstandpushup.glb?alt=media&token=3b7d08a4-ed15-473e-a595-6199b7b9b5bd",
    "imageUrl": "/thumbnails/handstandpushup.png"
  },
  {
    "name": "Hefesto",
    "level": "Advanced",
    "target_area": [
      "Biceps",
      "Shoulders",
      "Wrists"
    ],
    "description": "Pull your body backward into an inverted support position on rings or a bar, focusing on strength and control in the biceps, shoulders, and wrists.",
    "difficulty": 5.0,
    "id": "hefesto",
    "animationUrl": "https://firebasestorage.googleapis.com/v0/b/calisthenicsapp-9606a.firebasestorage.app/o/hefesto.glb?alt=media&token=f39da9d4-5d57-427b-9cff-6e4ead2a1100",
    "imageUrl": "/thumbnails/hefesto.png"
  },
  {
    "name": "Human Flag",
    "level": "Advanced",
    "target_area": [
      "Core",
      "Lats",
      "Shoulders"
    ],
    "description": "A static hold where you position your body horizontally while gripping a vertical pole, working the core, lats, and shoulders.",
    "difficulty": 4.0,
    "id": "humanflag",
    "animationUrl": "https://firebasestorage.googleapis.com/v0/b/calisthenicsapp-9606a.firebasestorage.app/o/humanflag.glb?alt=media&token=d3c7bc41-252e-4dfe-879f-8d8b583e2225",
    "imageUrl": "/thumbnails/humanflag.png"
  },
  {
    "name": "Incline Push-Up",
    "level": "Beginner",
    "target_area": [
      "Chest",
      "Shoulders",
      "Triceps"
    ],
    "description": "A push-up variation where your hands are placed on an elevated surface, making the exercise easier by reducing the amount of body weight you're pushing up.",
    "difficulty": 1.0,
    "id": "inclinepushup",
    "animationUrl": "https://firebasestorage.googleapis.com/v0/b/calisthenicsapp-9606a.firebasestorage.app/o/inclinepushup.glb?alt=media&token=1eb54fd5-ead7-416c-b5e5-2ad4cff29db6",
    "imageUrl": "/thumbnails/inclinepushup.png"
  },
  {
    "name": "Inverted Row",
    "level": "Beginner",
    "target_area": [
      "Back",
      "Shoulders",
      "Biceps"
    ],
    "description": "An exercise where you lie under a bar, grasp it with both hands, and pull your chest towards the bar in a horizontal position, targeting the upper back muscles.",
    "difficulty": 1.5,
    "id": "invertedrow",
    "animationUrl": "https://firebasestorage.googleapis.com/v0/b/calisthenicsapp-9606a.firebasestorage.app/o/invertedrow.glb?alt=media&token=8c1bdc4e-a61e-4307-a3b7-93168c75e893",
    "imageUrl": "/thumbnails/invertedrow.png"
  },
  {
    "name": "L-Sit",
    "level": "Intermediate",
    "target_area": [
      "Core",
      "Hip Flexors",
      "Quads"
    ],
    "description": "Sit and extend your legs straight out in front of you, lifting them off the ground to engage your core, hip flexors, and quads in a static hold.",
    "difficulty": 2.0,
    "id": "lsit",
    "animationUrl": "https://firebasestorage.googleapis.com/v0/b/calisthenicsapp-9606a.firebasestorage.app/o/lsit.glb?alt=media&token=0825693f-ce05-4f26-a567-bc54f771fcfb",
    "imageUrl": "/thumbnails/lsit.png"
  },
  {
    "name": "Muscle-Up",
    "level": "Advanced",
    "target_area": [
      "Chest",
      "Back",
      "Shoulders",
      "Arms"
    ],
    "description": "An explosive movement where you pull yourself up on a bar and transition into a dip, working multiple upper body muscle groups.",
    "difficulty": 4.0,
    "id": "muscleup",
    "animationUrl": "https://firebasestorage.googleapis.com/v0/b/calisthenicsapp-9606a.firebasestorage.app/o/muscleup.glb?alt=media&token=130e59c0-0b53-46ac-a4b3-2052c275246c",
    "imageUrl": "/thumbnails/muscleup.png"
  },
  {
    "name": "Pike Push Up",
    "level": "Intermediate",
    "target_area": [
      "Shoulders",
      "Core",
      "Triceps",
      "Back"
    ],
    "description": "Perform a push-up while your body is in a V-shape, with your hips raised high, and your head lowering toward the ground, which emphasizes the shoulders, triceps, and core.",
    "difficulty": 3.0,
    "id": "pikepushup",
    "animationUrl": "https://firebasestorage.googleapis.com/v0/b/calisthenicsapp-9606a.firebasestorage.app/o/pikepushup.glb?alt=media&token=29fd729e-f843-49ec-bc81-41c090284fe5",
    "imageUrl": "/thumbnails/pikepushup.png"
  },
  {
    "name": "Pistol Squat",
    "level": "Intermediate",
    "target_area": [
      "Quads",
      "Glutes",
      "Hamstrings"
    ],
    "description": "A single-leg squat where the other leg extends forward while you squat down with the other leg, requiring balance, flexibility, and strength.",
    "difficulty": 3.0,
    "id": "pistolsquat",
    "animationUrl": "https://firebasestorage.googleapis.com/v0/b/calisthenicsapp-9606a.firebasestorage.app/o/pistolsquat.glb?alt=media&token=57ce147d-4c58-4f88-a71a-d470a843e9fe",
    "imageUrl": "/thumbnails/pistolsquat.png"
  },
  {
    "name": "Planche",
    "level": "Advanced",
    "target_area": [
      "Core",
      "Shoulders",
      "Arms"
    ],
    "description": "A full-body balance exercise where you hold your body parallel to the ground on your hands while your arms are straight, requiring extreme strength in the shoulders, arms, and core.",
    "difficulty": 5.0,
    "id": "planche",
    "animationUrl": "https://firebasestorage.googleapis.com/v0/b/calisthenicsapp-9606a.firebasestorage.app/o/planche.glb?alt=media&token=29ceb2b8-4dae-408e-8f8d-8c3ff8a7b32e",
    "imageUrl": "/thumbnails/planche.png"
  },
  {
    "name": "Press to Handstand",
    "level": "Advanced",
    "target_area": [
      "Core",
      "Shoulders",
      "Wrists"
    ],
    "description": "Press from a seated L-sit or straddle position into a handstand, using strength rather than momentum to move into the position.",
    "difficulty": 4.0,
    "id": "presstohandstand",
    "animationUrl": "https://firebasestorage.googleapis.com/v0/b/calisthenicsapp-9606a.firebasestorage.app/o/presstohandstand.glb?alt=media&token=1a732d03-4e35-4626-831c-4d39ec31d612",
    "imageUrl": "/thumbnails/presstohandstand.png"
  },
  {
    "name": "Pullover",
    "level": "Intermediate",
    "target_area": [
      "Lats",
      "Biceps",
      "Shoulders"
    ],
    "description": "Pull your body up and over a bar, extending your arms as you move into a support position, targeting the lats, biceps, and shoulders.",
    "difficulty": 3.0,
    "id": "pullover",
    "animationUrl": "https://firebasestorage.googleapis.com/v0/b/calisthenicsapp-9606a.firebasestorage.app/o/pullover.glb?alt=media&token=2249b639-c673-4d39-87fa-7488e55697bc",
    "imageUrl": "/thumbnails/pullover.png"
  },
  {
    "name": "Pull-Up",
    "level": "Intermediate",
    "target_area": [
      "Back",
      "Biceps",
      "Shoulders"
    ],
    "description": "A vertical pulling movement where you lift your body up toward a bar using your arms and back muscles, with a full range of motion.",
    "difficulty": 2.5,
    "id": "pullup",
    "animationUrl": "https://firebasestorage.googleapis.com/v0/b/calisthenicsapp-9606a.firebasestorage.app/o/pullup.glb?alt=media&token=de76848e-8450-4c7d-b2db-b098c46ffe41",
    "imageUrl": "/thumbnails/pullup.png"
  },
  {
    "name": "Push-Up",
    "level": "Intermediate",
    "target_area": [
      "Chest",
      "Shoulders",
      "Triceps"
    ],
    "description": "A standard push-up where you maintain a straight body line, lowering your chest to the floor and then pushing back up to strengthen your chest, shoulders, and arms.",
    "difficulty": 2.0,
    "id": "pushup",
    "animationUrl": "https://firebasestorage.googleapis.com/v0/b/calisthenicsapp-9606a.firebasestorage.app/o/pushup.glb?alt=media&token=81bf63a4-43eb-43e1-bf3d-ffa3344b2b87",
    "imageUrl": "/thumbnails/pushup.png"
  },
  {
    "name": "Skin the Cat",
    "level": "Beginner",
    "target_area": [
      "Shoulders",
      "Lats",
      "Core"
    ],
    "description": "A movement performed on a bar or rings where you rotate your body backward and pass through a position where your legs go above your head, engaging the shoulders, lats, and core.",
    "difficulty": 1.5,
    "id": "skinthecat",
    "animationUrl": "https://firebasestorage.googleapis.com/v0/b/calisthenicsapp-9606a.firebasestorage.app/o/skinthecat.glb?alt=media&token=a4b6c1c5-21eb-4ad9-a5b1-d627146e9061",
    "imageUrl": "/thumbnails/skinthecat.png"
  },
  {
    "name": "Squat",
    "level": "Beginner",
    "target_area": [
      "Quads",
      "Glutes",
      "Hamstrings"
    ],
    "description": "A basic squat where you bend your knees and lower your body while keeping your back straight, then stand back up. This movement works the thighs, hips, and buttocks.",
    "difficulty": 1.0,
    "id": "squat",
    "animationUrl": "https://firebasestorage.googleapis.com/v0/b/calisthenicsapp-9606a.firebasestorage.app/o/squat.glb?alt=media&token=7a406c7e-70ff-460c-964f-1d752ca2f953",
    "imageUrl": "/thumbnails/squat.png"
  },
  {
    "name": "Tuck Planche",
    "level": "Intermediate",
    "target_area": [
      "Core",
      "Shoulders",
      "Triceps"
    ],
    "description": "A straight arm static hold where you balance on your hands with your knees tucked toward your chest, requiring strength in the core, shoulders, and triceps to maintain the position.",
    "difficulty": 3.0,
    "id": "tuckplanche",
    "animationUrl": "https://firebasestorage.googleapis.com/v0/b/calisthenicsapp-9606a.firebasestorage.app/o/tuckplanche.glb?alt=media&token=e09ebeb4-2923-47d1-a6d1-fe32d2d8c908",
    "imageUrl": "/thumbnails/tuckplanche.png"
  },
  {
    "name": "Tuck Sit",
    "level": "Beginner",
    "target_area": [
      "Core",
      "Hip Flexors"
    ],
    "description": "Sit on the floor and lift your feet off the ground while tucking your knees toward your chest, holding the position to engage your core and hip flexors.",
    "difficulty": 1.0,
    "id": "tucksit",
    "animationUrl": "https://firebasestorage.googleapis.com/v0/b/calisthenicsapp-9606a.firebasestorage.app/o/tucksit.glb?alt=media&token=86ece718-35da-4ba9-9a4f-da4e4d1dab23",
    "imageUrl": "/thumbnails/tucksit.png"
  },
  {
    "name": "Victorian",
    "level": "Advanced",
    "target_area": [
      "Shoulders",
      "Chest",
      "Core"
    ],
    "description": "A rare static hold where your body is in a horizontal, supine position behind your hips, challenging the chest, shoulders, and core.",
    "difficulty": 5.0,
    "id": "victorian",
    "animationUrl": "https://firebasestorage.googleapis.com/v0/b/calisthenicsapp-9606a.firebasestorage.app/o/victorian.glb?alt=media&token=7c2c63f1-6756-40bf-a9aa-2a30da325562",
    "imageUrl": "/thumbnails/victorian.png"
  },
  {
    "name": "Pseudo Push Up",
    "level": "Intermediate",
    "target_area": [
      "Chest",
      "Shoulders",
      "Triceps"
    ],
    "description": "A push-up variation where you lean forward and keep your elbows flared out, emphasizing the chest, shoulders, and triceps during the movement.",
    "difficulty": 2.5,
    "id": "pseudopushup",
    "animationUrl": "https://firebasestorage.googleapis.com/v0/b/calisthenicsapp-9606a.firebasestorage.app/o/pseudopushup.glb?alt=media&token=132606ee-c1d8-49c3-8740-4daa94a2cb93",
    "imageUrl": "/thumbnails/pseudopushup.png"
  }
]